Project_inform,image_base64,Qg,Ql,P1,Pflq,T1,D,n,LL,LL1,LL2,LL3,r1,r2,jieliu_result,moudle3_inform,moudle3_inform_2,moudle3_result,moudle3_flag,Vc,Vcc,Vccc,Ve,Vee,Veee,G1,G2,G3,P2,P22,P222,T2,T22,T222
"['1', '1', '1', '1']",,300000,300,64.3,10,34.85,0.062,0,0,0,0,0,0.63,,"['5.57', '7.36', '9.75', '12.71', '-19.88', '-49.14', '32.7', '16.63', '8.46', '不满足产量要求', '不满足产量要求', '满足产量要求', '0.0', '0.0', '0.0', '0.0', '666']",,,"Empty DataFrame
Columns: []
Index: []",False,304.98775004908106,273.3453380869018,250.824942137434,353.8513931743425,344.06760061903407,353.0509310086957,12.866302603249125,12.43741665692683,12.130630599671829,32.69999999999999,16.629999999999992,8.459999999999996,12.711421879337536,-19.881423168717845,-49.140696767700064
